bin,input_label,methylation,class_label,read_number,cpg_number,cpg_pattern,class_split
chr19_3079800,A,0.5,1,4,2,0;1,A=4
chr19_3079800,AB,0.5,0,11,2,1;0,A=6;B=5
chr19_3079800,AB,1.0,2,10,2,1;1,A=3;B=7
chr19_3084300,AB,0.0,0,13,2,0;0,A=8;B=5
chr19_3084300,AB,1.0,1,12,2,1;1,A=6;B=6
chr19_3084300,AB,0.5,2,4,2,1;0,A=2;B=2
chr19_3091400,AB,0.5,0,9,2,1;0,A=8;B=1
chr19_3091400,AB,1.0,1,21,2,1;1,A=6;B=15
chr19_3092100,AB,1.0,0,35,2,1;1,A=18;B=17
chr19_3092100,AB,0.5,1,6,2,0;1,A=1;B=5
chr19_3094500,AB,1.0,0,32,2,1;1,A=21;B=11
chr19_3095300,AB,1.0,0,28,2,1;1,A=9;B=19
chr19_3095500,AB,1.0,0,33,2,1;1,A=14;B=19
chr19_3098600,AB,0.3333333333333333,0,6,3,1;0;0,A=4;B=2
chr19_3098600,AB,1.0,1,24,3,1;1;1,A=14;B=10
chr19_3098600,AB,0.6666666666666666,2,9,3,0;1;1,A=8;B=1
chr19_3098600,AB,0.6666666666666666,4,14,3,1;1;0,A=3;B=11
chr19_3108100,A,0.0,1,4,2,0;0,A=4
chr19_3108100,AB,1.0,0,51,2,1;1,A=14;B=37
chr19_3108100,AB,0.5,2,11,2,0;1,A=3;B=8
chr19_3108800,B,0.5,2,5,2,0;1,B=5
chr19_3108800,AB,0.5,0,4,2,1;0,A=2;B=2
chr19_3108800,AB,1.0,1,29,2,1;1,A=12;B=17
chr19_3114100,AB,0.5,0,12,2,1;0,A=11;B=1
chr19_3114100,AB,1.0,1,14,2,1;1,A=2;B=12
chr19_3116100,AB,1.0,0,25,2,1;1,A=13;B=12
chr19_3119800,B,0.5,1,4,2,0;1,B=4
chr19_3119800,B,0.0,2,4,2,0;0,B=4
chr19_3119800,AB,1.0,0,26,2,1;1,A=13;B=13
chr19_3125600,AB,1.0,0,49,2,1;1,A=25;B=24
chr19_3125600,AB,0.5,2,8,2,1;0,A=2;B=6
chr19_3125900,AB,0.5,0,10,2,1;0,A=5;B=5
chr19_3125900,AB,1.0,1,41,2,1;1,A=20;B=21
chr19_3125900,AB,0.5,2,6,2,0;1,A=1;B=5
chr19_3129200,AB,1.0,0,27,2,1;1,A=9;B=18
chr19_3129200,AB,0.5,1,4,2,0;1,A=1;B=3
chr19_3129200,AB,0.5,2,8,2,1;0,A=5;B=3
chr19_3130100,AB,0.5,0,14,2,0;1,A=9;B=5
chr19_3130100,AB,1.0,1,71,2,1;1,A=28;B=43
chr19_3130100,AB,0.0,2,11,2,0;0,A=10;B=1
chr19_3130100,AB,0.5,3,16,2,1;0,A=4;B=12
chr19_3130800,B,0.5,2,5,2,1;0,B=5
chr19_3130800,AB,1.0,0,24,2,1;1,A=15;B=9
chr19_3130800,AB,0.5,1,4,2,0;1,A=3;B=1
chr19_3131100,AB,0.5,0,5,2,0;1,A=4;B=1
chr19_3131100,AB,1.0,1,42,2,1;1,A=7;B=35
chr19_3136600,AB,1.0,0,44,2,1;1,A=20;B=24
chr19_3136600,AB,0.5,1,5,2,1;0,A=1;B=4
chr19_3136600,AB,0.0,2,10,2,0;0,A=1;B=9
chr19_3136600,AB,0.5,3,14,2,0;1,A=3;B=11
chr19_3137100,AB,0.5,0,8,2,0;1,A=6;B=2
chr19_3137100,AB,1.0,1,29,2,1;1,A=9;B=20
chr19_3139400,A,0.75,1,6,4,1;1;1;0,A=6
chr19_3139400,B,0.5,2,5,4,1;1;0;0,B=5
chr19_3139400,AB,1.0,0,16,4,1;1;1;1,A=11;B=5
